Workbook

Sheet Dairy Prices
A1: DATE | B1: SBU | C1: UMEME | D1: DFCU | E1: MTNU | F1: BOBU | G1: UCL | H1: NIC | I1: NVL | J1: CIPLA | K1: BATU | L1: news
A2: 44578 | B2: 25 | C2: 189 | D2: 565 | E2: 185 | F2: 95 | G2: 13 | H2: 5.1 | I2: 165 | J2: 92 | K2: 30000
A3: 44579 | B3: 25 | C3: 189 | D3: 565 | E3: 185 | F3: 95 | G3: 13 | H3: 5.1 | I3: 165 | J3: 92 | K3: 30000
A4: 44580 | B4: 26 | C4: 189 | D4: 580 | E4: 183 | F4: 95 | G4: 13 | H4: 5.1 | I4: 165 | J4: 92 | K4: 30000
A5: 44581 | B5: 28 | C5: 189 | D5: 565 | E5: 180 | F5: 95 | G5: 13 | H5: 5.1 | I5: 141 | J5: 92 | K5: 30000
A6: 44582 | B6: 27.99 | C6: 189 | D6: 564 | E6: 180 | F6: 95 | G6: 13 | H6: 5.1 | I6: 114 | J6: 92 | K6: 30000
A7: 44585 | B7: 25 | C7: 189 | D7: 564 | E7: 180 | F7: 95 | G7: 13 | H7: 5.1 | I7: 120 | J7: 92 | K7: 30000
A8: 44586 | B8: 25 | C8: 189 | D8: 564 | E8: 178 | F8: 95 | G8: 13 | H8: 5.1 | I8: 141 | J8: 93.22 | K8: 30000
A9: 44588 | B9: 28 | C9: 189 | D9: 564 | E9: 179 | F9: 95 | G9: 14.9 | H9: 5.1 | I9: 141 | J9: 93.22 | K9: 30000
A10: 44589 | B10: 25 | C10: 189 | D10: 564 | E10: 179 | F10: 95 | G10: 14.9 | H10: 5.1 | I10: 120 | J10: 94 | K10: 30000
A11: 44592 | B11: 28 | C11: 189 | D11: 564 | E11: 178 | F11: 95 | G11: 15 | H11: 5.1 | I11: 103 | J11: 94 | K11: 30000
A12: 44593 | B12: 28 | C12: 189 | D12: 564 | E12: 177 | F12: 95 | G12: 15 | H12: 5.1 | I12: 103 | J12: 94 | K12: 30000
A13: 44594 | B13: 25 | C13: 189 | D13: 564 | E13: 179 | F13: 95 | G13: 15 | H13: 5.1 | I13: 103 | J13: 94 | K13: 30000
... A49: 44645 | B49: 26 | C49: 175 | D49: 555 | E49: 180 | F49: 90 | G49: 23 | H49: 5.8 | I49: 160 | J49: 93 | K49: 15000
A50: 44648 | B50: 26 | C50: 175 | D50: 564 | E50: 180 | F50: 90 | G50: 21 | H50: 5.8 | I50: 160 | J50: 93 | K50: 15000 | L50: umeme proposed div 54.1
A51: 44649 | B51: 26 | C51: 185 | D51: 564 | E51: 180 | F51: 90 | G51: 21 | H51: 5.8 | I51: 160 | J51: 93 | K51: 15000
A52: 44650 | B52: 25 | C52: 190 | D52: 564 | E52: 180 | F52: 90 | G52: 21 | H52: 5.8 | I52: 160 | J52: 93 | K52: 15000
A53: 44651 | B53: 25 | C53: 185 | D53: 564 | E53: 180 | F53: 90 | G53: 21 | H53: 5.8 | I53: 160 | J53: 93 | K53: 15000
A54: 44652 | B54: 25 | C54: 185 | D54: 564 | E54: 180 | F54: 90 | G54: 21 | H54: 5.9 | I54: 160 | J54: 93 | K54: 15000
A55: 44653 | B55: 24.7 | C55: 230 | D55: 564 | E55: 180 | F55: 90 | G55: 21 | H55: 5.9 | I55: 160 | J55: 89 | K55: 15000
A56: 44657 | B56: 25 | C56: 215 | D56: 564 | E56: 189 | F56: 90 | G56: 21 | H56: 5.9 | I56: 160 | J56: 90 | K56: 15000
A57: 44658 | B57: 25 | C57: 215 | D57: 564 | E57: 190 | F57: 90 | G57: 21 | H57: 5.9 | I57: 160 | J57: 90 | K57: 15000
A58: 44662 | B58: 25 | C58: 215 | D58: 564 | E58: 180 | F58: 90 | G58: 21 | H58: 5.9 | I58: 160 | J58: 90 | K58: 15000
A59: 44663 | B59: 25 | C59: 230 | D59: 564 | E59: 185 | F59: 90 | G59: 21 | H59: 5.9 | I59: 160 | J59: 90 | K59: 15000
A60: 44664 | B60: 25 | C60: 230 | D60: 564 | E60: 185 | F60: 90 | G60: 21 | H60: 5.9 | I60: 160 | J60: 90 | K60: 15000
A61: 44665 | B61: 25 | C61: 231 | D61: 564 | E61: 195 | F61: 90 | G61: 21 | H61: 5.9 | I61: 160 | J61: 90 | K61: 15000 | L61: house passes electricity bill ending umeme monopoly
A62: 44670 | B62: 25 | C62: 231 | D62: 564 | E62: 195 | F62: 90 | G62: 21 | H62: 5.9 | I62: 160 | J62: 90 | K62: 15000
A63: 44671 | B63: 25 | C63: 232 | D63: 564 | E63: 185 | F63: 90 | G63: 21 | H63: 5.9 | I63: 160 | J63: 90 | K63: 15000
A64: 44672 | B64: 25 | C64: 240 | D64: 564 | E64: 185 | F64: 90 | G64: 21 | H64: 5.9 | I64: 160 | J64: 90 | K64: 15000
A65: 44673 | B65: 25 | C65: 240 | D65: 555 | E65: 185 | F65: 90 | G65: 22 | H65: 5.9 | I65: 160 | J65: 90 | K65: 15000
A66: 44676 | B66: 25 | C66: 240 | D66: 555 | E66: 185 | F66: 85 | G66: 21 | H66: 5.9 | I66: 160 | J66: 90 | K66: 15000
A67: 44677 | B67: 25 | C67: 240 | D67: 555 | E67: 185 | F67: 85 | G67: 21 | H67: 5.9 | I67: 155 | J67: 88 | K67: 15000
A68: 44678 | B68: 25 | C68: 245 | D68: 555 | E68: 185 | F68: 80 | G68: 21 | H68: 5.9 | I68: 154 | J68: 88 | K68: 15000
A69: 44679 | B69: 25 | C69: 244 | D69: 555 | E69: 185 | F69: 80 | G69: 21 | H69: 5.9 | I69: 154 | J69: 88 | K69: 15000
A70: 44680 | B70: 25 | C70: 244 | D70: 555 | E70: 190 | F70: 80 | G70: 21 | H70: 5.9 | I70: 154 | J70: 88 | K70: 15000
A71: 44684 | B71: 25 | C71: 240 | D71: 555 | E71: 180 | F71: 80 | G71: 21 | H71: 5.9 | I71: 154 | J71: 88 | K71: 15000
A72: 44685 | B72: 25 | C72: 240 | D72: 555 | E72: 185 | F72: 72 | G72: 21 | H72: 5.9 | I72: 160 | J72: 88 | K72: 15000

Sheet Market Cap
A1: DATE | B1: SBU | C1: UMEME | D1: DFCU | E1: MTNU | F1: BOBU | G1: UCL | H1: NIC | I1: NVL | J1: CIPLA | K1: BATU | L1: Total Market
A2: outstanding | B2: 51200000000 | C2: 1624278005 | D2: 79509743 | E2: 22389044239 | F2: 2500000000 | G2: 900000000 | H2: 1415779718 | I2: 76500000 | J2: 3651909200 | K2: 49080000 | L2: =SUM(B2:K2) -> 83886100905
A3: 44578 | B3: ='Dairy Prices'!B2*$B2 -> 1280000000000 | C3: ='Dairy Prices'!C2*C2 -> 306988542945 | D3: ='Dairy Prices'!D2*D2 -> 44923004795 | E3: ='Dairy Prices'!E2*E2 -> 4141973184215 | F3: ='Dairy Prices'!F2*F2 -> 237500000000 | G3: ='Dairy Prices'!G2*G2 -> 11700000000 | H3: ='Dairy Prices'!H2*H2 -> 7.2204766e+09 | I3: ='Dairy Prices'!I2*I2 -> 12622500000 | J3: ='Dairy Prices'!J2*J2 -> 335975646400 | K3: ='Dairy Prices'!K2*K2 -> 1472400000000 | L3: =SUM(B3:K3) -> 7.8513034e+12
A4: 44579 | B4: ='Dairy Prices'!B3*$B2 -> 1280000000000 | C4: ='Dairy Prices'!C3*C2 -> 306988542945 | D4: ='Dairy Prices'!D3*D2 -> 44923004795 | E4: ='Dairy Prices'!E3*E2 -> 4141973184215 | F4: ='Dairy Prices'!F3*F2 -> 237500000000 | G4: ='Dairy Prices'!G3*G2 -> 11700000000 | H4: ='Dairy Prices'!H3*H2 -> 7.2204766e+09 | I4: ='Dairy Prices'!I3*I2 -> 12622500000 | J4: ='Dairy Prices'!J3*J2 -> 335975646400 | K4: ='Dairy Prices'!K3*K2 -> 1472400000000 | L4: =SUM(B4:K4) -> 7.8513034e+12
A5: 44580 | B5: ='Dairy Prices'!B4*$B2 -> 1331200000000 | C5: ='Dairy Prices'!C4*C2 -> 306988542945 | D5: ='Dairy Prices'!D4*D2 -> 46115650940 | E5: ='Dairy Prices'!E4*E2 -> 4097195095737 | F5: ='Dairy Prices'!F4*F2 -> 237500000000 | G5: ='Dairy Prices'!G4*G2 -> 11700000000 | H5: ='Dairy Prices'!H4*H2 -> 7.2204766e+09 | I5: ='Dairy Prices'!I4*I2 -> 12622500000 | J5: ='Dairy Prices'!J4*J2 -> 335975646400 | K5: ='Dairy Prices'!K4*K2 -> 1472400000000 | L5: =SUM(B5:K5) -> 7.8589179e+12
A6: 44581 | B6: ='Dairy Prices'!B5*$B2 -> 1433600000000 | C6: ='Dairy Prices'!C5*C2 -> 306988542945 | D6: ='Dairy Prices'!D5*D2 -> 44923004795 | E6: ='Dairy Prices'!E5*E2 -> 4030027963020 | F6: ='Dairy Prices'!F5*F2 -> 237500000000 | G6: ='Dairy Prices'!G5*G2 -> 11700000000 | H6: ='Dairy Prices'!H5*H2 -> 7.2204766e+09 | I6: ='Dairy Prices'!I5*I2 -> 10786500000 | J6: ='Dairy Prices'!J5*J2 -> 335975646400 | K6: ='Dairy Prices'!K5*K2 -> 1472400000000 | L6: =SUM(B6:K6) -> 7.8911221e+12
A7: 44582 | B7: ='Dairy Prices'!B6*$B2 -> 1433088000000 | C7: ='Dairy Prices'!C6*C2 -> 306988542945 | D7: ='Dairy Prices'!D6*D2 -> 44843495052 | E7: ='Dairy Prices'!E6*E2 -> 4030027963020 | F7: ='Dairy Prices'!F6*F2 -> 237500000000 | G7: ='Dairy Prices'!G6*G2 -> 11700000000 | H7: ='Dairy Prices'!H6*H2 -> 7.2204766e+09 | I7: ='Dairy Prices'!I6*I2 -> 8721000000 | J7: ='Dairy Prices'!J6*J2 -> 335975646400 | K7: ='Dairy Prices'!K6*K2 -> 1472400000000 | L7: =SUM(B7:K7) -> 7.8884651e+12
A8: 44585 | B8: ='Dairy Prices'!B7*$B2 -> 1280000000000 | C8: ='Dairy Prices'!C7*C2 -> 306988542945 | D8: ='Dairy Prices'!D7*D2 -> 44843495052 | E8: ='Dairy Prices'!E7*E2 -> 4030027963020 | F8: ='Dairy Prices'!F7*F2 -> 237500000000 | G8: ='Dairy Prices'!G7*G2 -> 11700000000 | H8: ='Dairy Prices'!H7*H2 -> 7.2204766e+09 | I8: ='Dairy Prices'!I7*I2 -> 9180000000 | J8: ='Dairy Prices'!J7*J2 -> 335975646400 | K8: ='Dairy Prices'!K7*K2 -> 1472400000000 | L8: =SUM(B8:K8) -> 7.7358361e+12
A9: 44586 | B9: ='Dairy Prices'!B8*$B2 -> 1280000000000 | C9: ='Dairy Prices'!C8*C2 -> 306988542945 | D9: ='Dairy Prices'!D8*D2 -> 44843495052 | E9: ='Dairy Prices'!E8*E2 -> 3985249874542 | F9: ='Dairy Prices'!F8*F2 -> 237500000000 | G9: ='Dairy Prices'!G8*G2 -> 11700000000 | H9: ='Dairy Prices'!H8*H2 -> 7.2204766e+09 | I9: ='Dairy Prices'!I8*I2 -> 10786500000 | J9: ='Dairy Prices'!J8*J2 -> 340430975624 | K9: ='Dairy Prices'!K8*K2 -> 1472400000000 | L9: =SUM(B9:K9) -> 7.6971199e+12
A10: 44588 | B10: ='Dairy Prices'!B9*$B2 -> 1433600000000 | C10: ='Dairy Prices'!C9*C2 -> 306988542945 | D10: ='Dairy Prices'!D9*D2 -> 44843495052 | E10: ='Dairy Prices'!E9*E2 -> 4007638918781 | F10: ='Dairy Prices'!F9*F2 -> 237500000000 | G10: ='Dairy Prices'!G9*G2 -> 13410000000 | H10: ='Dairy Prices'!H9*H2 -> 7.2204766e+09 | I10: ='Dairy Prices'!I9*I2 -> 10786500000 | J10: ='Dairy Prices'!J9*J2 -> 340430975624 | K10: ='Dairy Prices'!K9*K2 -> 1472400000000 | L10: =SUM(B10:K10) -> 7.8748189e+12
A11: 44589 | B11: ='Dairy Prices'!B10*$B2 -> 1280000000000 | C11: ='Dairy Prices'!C10*C2 -> 306988542945 | D11: ='Dairy Prices'!D10*D2 -> 44843495052 | E11: ='Dairy Prices'!E10*E2 -> 4007638918781 | F11: ='Dairy Prices'!F10*F2 -> 237500000000 | G11: ='Dairy Prices'!G10*G2 -> 13410000000 | H11: ='Dairy Prices'!H10*H2 -> 7.2204766e+09 | I11: ='Dairy Prices'!I10*I2 -> 9180000000 | J11: ='Dairy Prices'!J10*J2 -> 343279464800 | K11: ='Dairy Prices'!K10*K2 -> 1472400000000 | L11: =SUM(B11:K11) -> 7.7224609e+12
A12: 44592 | B12: ='Dairy Prices'!B11*$B2 -> 1433600000000 | C12: ='Dairy Prices'!C11*C2 -> 306988542945 | D12: ='Dairy Prices'!D11*D2 -> 44843495052 | E12: ='Dairy Prices'!E11*E2 -> 3985249874542 | F12: ='Dairy Prices'!F11*F2 -> 237500000000 | G12: ='Dairy Prices'!G11*G2 -> 13500000000 | H12: ='Dairy Prices'!H11*H2 -> 7.2204766e+09 | I12: ='Dairy Prices'!I11*I2 -> 7879500000 | J12: ='Dairy Prices'!J11*J2 -> 343279464800 | K12: ='Dairy Prices'!K11*K2 -> 1472400000000 | L12: =SUM(B12:K12) -> 7.8524614e+12
A13: 44593 | B13: ='Dairy Prices'!B12*$B2 -> 1433600000000 | C13: ='Dairy Prices'!C12*C2 -> 306988542945 | D13: ='Dairy Prices'!D12*D2 -> 44843495052 | E13: ='Dairy Prices'!E12*E2 -> 3962860830303 | F13: ='Dairy Prices'!F12*F2 -> 237500000000 | G13: ='Dairy Prices'!G12*G2 -> 13500000000 | H13: ='Dairy Prices'!H12*H2 -> 7.2204766e+09 | I13: ='Dairy Prices'!I12*I2 -> 7879500000 | J13: ='Dairy Prices'!J12*J2 -> 343279464800 | K13: ='Dairy Prices'!K12*K2 -> 1472400000000 | L13: =SUM(B13:K13) -> 7.8300723e+12
A14: 44594 | B14: ='Dairy Prices'!B13*$B2 -> 1280000000000 | C14: ='Dairy Prices'!C13*C2 -> 306988542945 | D14: ='Dairy Prices'!D13*D2 -> 44843495052 | E14: ='Dairy Prices'!E13*E2 -> 4007638918781 | F14: ='Dairy Prices'!F13*F2 -> 237500000000 | G14: ='Dairy Prices'!G13*G2 -> 13500000000 | H14: ='Dairy Prices'!H13*H2 -> 7.2204766e+09 | I14: ='Dairy Prices'!I13*I2 -> 7879500000 | J14: ='Dairy Prices'!J13*J2 -> 343279464800 | K14: ='Dairy Prices'!K13*K2 -> 1472400000000 | L14: =SUM(B14:K14) -> 7.7212504e+12
A15: 44595 | B15: ='Dairy Prices'!B14*$B2 -> 1280000000000 | C15: ='Dairy Prices'!C14*C2 -> 306988542945 | D15: ='Dairy Prices'!D14*D2 -> 44127907365 | E15: ='Dairy Prices'!E14*E2 -> 3962860830303 | F15: ='Dairy Prices'!F14*F2 -> 237500000000 | G15: ='Dairy Prices'!G14*G2 -> 13500000000 | H15: ='Dairy Prices'!H14*H2 -> 7.2204766e+09 | I15: ='Dairy Prices'!I14*I2 -> 7879500000 | J15: ='Dairy Prices'!J14*J2 -> 343279464800 | K15: ='Dairy Prices'!K14*K2 -> 1472400000000 | L15: =SUM(B15:K15) -> 7.6757567e+12
A16: 44596 | B16: ='Dairy Prices'!B15*$B2 -> 1408000000000 | C16: ='Dairy Prices'!C15*C2 -> 292370040900 | D16: ='Dairy Prices'!D15*D2 -> 44127907365 | E16: ='Dairy Prices'!E15*E2 -> 4119584139976 | F16: ='Dairy Prices'!F15*F2 -> 237500000000 | G16: ='Dairy Prices'!G15*G2 -> 13500000000 | H16: ='Dairy Prices'!H15*H2 -> 7.2204766e+09 | I16: ='Dairy Prices'!I15*I2 -> 7879500000 | J16: ='Dairy Prices'!J15*J2 -> 343279464800 | K16: ='Dairy Prices'!K15*K2 -> 1472400000000 | L16: =SUM(B16:K16) -> 7.9458615e+12
A17: 44599 | B17: ='Dairy Prices'!B16*$B2 -> 1433600000000 | C17: ='Dairy Prices'!C16*C2 -> 306988542945 | D17: ='Dairy Prices'!D16*D2 -> 44843495052 | E17: ='Dairy Prices'!E16*E2 -> 4141973184215 | F17: ='Dairy Prices'!F16*F2 -> 237500000000 | G17: ='Dairy Prices'!G16*G2 -> 13500000000 | H17: ='Dairy Prices'!H16*H2 -> 7.2204766e+09 | I17: ='Dairy Prices'!I16*I2 -> 6885000000 | J17: ='Dairy Prices'!J16*J2 -> 343279464800 | K17: ='Dairy Prices'!K16*K2 -> 1472400000000 | L17: =SUM(B17:K17) -> 8.0081902e+12
A18: 44600 | B18: ='Dairy Prices'!B17*$B2 -> 1280000000000 | C18: ='Dairy Prices'!C17*C2 -> 295618596910 | D18: ='Dairy Prices'!D17*D2 -> 44127907365 | E18: ='Dairy Prices'!E17*E2 -> 4186751272693 | F18: ='Dairy Prices'!F17*F2 -> 237500000000 | G18: ='Dairy Prices'!G17*G2 -> 17100000000 | H18: ='Dairy Prices'!H17*H2 -> 7.2204766e+09 | I18: ='Dairy Prices'!I17*I2 -> 5890500000 | J18: ='Dairy Prices'!J17*J2 -> 343279464800 | K18: ='Dairy Prices'!K17*K2 -> 1472400000000 | L18: =SUM(B18:K18) -> 7.8898882e+12
A19: 44601 | B19: ='Dairy Prices'!B18*$B2 -> 1382400000000 | C19: ='Dairy Prices'!C18*C2 -> 306988542945 | D19: ='Dairy Prices'!D18*D2 -> 44127907365 | E19: ='Dairy Prices'!E18*E2 -> 3694192299435 | F19: ='Dairy Prices'!F18*F2 -> 237500000000 | G19: ='Dairy Prices'!G18*G2 -> 18900000000 | H19: ='Dairy Prices'!H18*H2 -> 7.2204766e+09 | I19: ='Dairy Prices'!I18*I2 -> 5049000000 | J19: ='Dairy Prices'!J18*J2 -> 343279464800 | K19: ='Dairy Prices'!K18*K2 -> 1472400000000 | L19: =SUM(B19:K19) -> 7.5120577e+12
A20: 44602 | B20: ='Dairy Prices'!B19*$B2 -> 1382400000000 | C20: ='Dairy Prices'!C19*C2 -> 305364264940 | D20: ='Dairy Prices'!D19*D2 -> 44843495052 | E20: ='Dairy Prices'!E19*E2 -> 3694192299435 | F20: ='Dairy Prices'!F19*F2 -> 237500000000 | G20: ='Dairy Prices'!G19*G2 -> 21600000000 | H20: ='Dairy Prices'!H19*H2 -> 7.2204766e+09 | I20: ='Dairy Prices'!I19*I2 -> 4360500000 | J20: ='Dairy Prices'!J19*J2 -> 346931374000 | K20: ='Dairy Prices'!K19*K2 -> 1472400000000 | L20: =SUM(B20:K20) -> 7.5168124e+12
A21: 44603 | B21: ='Dairy Prices'!B20*$B2 -> 1382400000000 | C21: ='Dairy Prices'!C20*C2 -> 306988542945 | D21: ='Dairy Prices'!D20*D2 -> 44843495052 | E21: ='Dairy Prices'!E20*E2 -> 3694192299435 | F21: ='Dairy Prices'!F20*F2 -> 235000000000 | G21: ='Dairy Prices'!G20*G2 -> 21600000000 | H21: ='Dairy Prices'!H20*H2 -> 7.2204766e+09 | I21: ='Dairy Prices'!I20*I2 -> 4360500000 | J21: ='Dairy Prices'!J20*J2 -> 343279464800 | K21: ='Dairy Prices'!K20*K2 -> 1472400000000 | L21: =SUM(B21:K21) -> 7.5122848e+12
A22: 44606 | B22: ='Dairy Prices'!B21*$B2 -> 1433600000000 | C22: ='Dairy Prices'!C21*C2 -> 306988542945 | D22: ='Dairy Prices'!D21*D2 -> 44843495052 | E22: ='Dairy Prices'!E21*E2 -> 3671803255196 | F22: ='Dairy Prices'!F21*F2 -> 235000000000 | G22: ='Dairy Prices'!G21*G2 -> 21600000000 | H22: ='Dairy Prices'!H21*H2 -> 7.2204766e+09 | I22: ='Dairy Prices'!I21*I2 -> 4360500000 | J22: ='Dairy Prices'!J21*J2 -> 343279464800 | K22: ='Dairy Prices'!K21*K2 -> 1472400000000 | L22: =SUM(B22:K22) -> 7.5410957e+12
A23: 44607 | B23: ='Dairy Prices'!B22*$B2 -> 1433600000000 | C23: ='Dairy Prices'!C22*C2 -> 292370040900 | D23: ='Dairy Prices'!D22*D2 -> 44843495052 | E23: ='Dairy Prices'!E22*E2 -> 3671803255196 | F23: ='Dairy Prices'!F22*F2 -> 225000000000 | G23: ='Dairy Prices'!G22*G2 -> 21600000000 | H23: ='Dairy Prices'!H22*H2 -> 7.2204766e+09 | I23: ='Dairy Prices'!I22*I2 -> 4360500000 | J23: ='Dairy Prices'!J22*J2 -> 343279464800 | K23: ='Dairy Prices'!K22*K2 -> 1472400000000 | L23: =SUM(B23:K23) -> 7.5164772e+12
